ts,open,high,low,close,volume,ma20,ma60,ma240,macd,signal,hist
2025-03-06 00:00:00+08:00,97.5797040621132,97.67866777065687,94.90764617919922,94.90764617919922,491432,,,,0.0,0.0,0.0
2025-03-07 00:00:00+08:00,94.51177935854756,95.50143149842764,93.62109092256617,93.72005462646484,466016,,,,-0.026644682272888076,-0.014802601262715598,-0.011842081010172478
2025-03-10 00:00:00+08:00,94.51178022139307,95.00660629585062,93.22522940762475,93.42316436767578,372171,,,,-0.04315716299446137,-0.026423323283922877,-0.016733839710538496
2025-03-11 00:00:00+08:00,92.03764746724936,93.32419824772283,89.46455345674889,92.43350982666016,566150,,,,-0.08534079070010137,-0.046381814956070064,-0.0389589757440313
2025-03-12 00:00:00+08:00,93.02730201514991,93.62109179451899,91.5428237915039,91.5428237915039,502310,,,,-0.14190855175195338,-0.07479885945746324,-0.06710969229449014
2025-03-13 00:00:00+08:00,92.53247594060124,94.01695416424725,91.24592512659603,91.5428237915039,636601,,,,-0.17324603864527433,-0.10148351857463817,-0.07176252007063616
2025-03-14 00:00:00+08:00,93.22523311207101,94.41282026822773,90.65213893273526,91.14696502685547,1287173,,,,-0.20829204067833018,-0.128513906126997,-0.07977813455133317
2025-03-17 00:00:00+08:00,92.5324767282772,92.82937539571242,91.1469621976575,91.24592590332031,406102,,,,-0.22373584136563807,-0.15139752781373153,-0.07233831355190654
2025-03-18 00:00:00+08:00,92.3345485139585,94.51178022139307,91.44386006984557,93.42316436767578,706155,,,,-0.1230054212177123,-0.14483881033608392,0.021833389118371627
2025-03-19 00:00:00+08:00,93.32419779977765,95.50142944041686,91.04799490692592,91.64178466796875,1184412,,,,-0.14151807430829422,-0.14409477269739718,0.0025766983891029605
2025-03-20 00:00:00+08:00,92.33454895019531,93.12626614279988,92.13661398920912,92.33454895019531,355421,,,,-0.11600352340336428,-0.13794856786346552,0.021945044460101232
2025-03-21 00:00:00+08:00,93.6210889459499,95.00660342261905,92.92833548283855,93.52212524414062,1532149,,,,-0.030484621307820703,-0.11486981900721334,0.08438519769939264
2025-03-24 00:00:00+08:00,94.80867597760796,96.39211785720434,91.64178466796875,91.64178466796875,998318,,,,-0.07287409406677625,-0.10598206455063461,0.03310797048385836
2025-03-25 00:00:00+08:00,92.82937260076692,93.12626370881645,91.24592315604998,91.34489440917969,457557,,,,-0.12086331940139416,-0.1090952341685521,-0.011768085232842063
2025-03-26 00:00:00+08:00,92.43351422336058,92.63144163725737,91.64178946687973,91.74075317382812,280104,,,,-0.13202140527252482,-0.11384768021953658,-0.01817372505298824
2025-03-27 00:00:00+08:00,91.04800218742545,92.82937916344521,90.15731369941558,90.8500747680664,703163,,,,-0.1928480776916217,-0.13010537308605072,-0.06274270460557099
2025-03-28 00:00:00+08:00,91.0479994032118,91.0479994032118,88.47490527799302,89.06869506835938,796113,,,,-0.3470835495420488,-0.17450070231818446,-0.17258284722386433
2025-03-31 00:00:00+08:00,86.19870517179984,86.19870517179984,80.65665435791016,80.65665435791016,2034206,,,,-0.9913201239405396,-0.34086147591456645,-0.6504586480259731
2025-04-01 00:00:00+08:00,81.44837649870306,85.30801391601562,81.25044153470827,85.30801391601562,588100,,,,-1.1759852224680571,-0.5103285024656714,-0.6656567200023857
2025-04-02 00:00:00+08:00,85.30801073521818,86.09973546078331,83.72456883453445,84.6152572631836,694557,90.80553321838379,,,-1.3492813157356949,-0.6800761219280156,-0.6692051938076793
2025-04-07 00:00:00+08:00,76.20321655273438,76.20321655273438,76.20321655273438,76.20321655273438,109164,89.87031173706055,,,-2.023537440803466,-0.9512697050139145,-1.0722677357895514
2025-04-08 00:00:00+08:00,68.58290100097656,68.58290100097656,68.58290100097656,68.58290100097656,624658,88.61345405578614,,,-3.0325849545658627,-1.3706270660903856,-1.661957888475477
2025-04-09 00:00:00+08:00,61.95222275791369,64.22842571126179,61.754295349121094,61.754295349121094,1151277,87.0300106048584,,,-4.243118849777858,-1.9485367997734666,-2.294582050004391
2025-04-10 00:00:00+08:00,67.89013671875,67.89013671875,66.60359344001674,67.89013671875,1865060,85.80284194946289,,,-4.711411196922526,-2.5037335215938024,-2.207677675328724
2025-04-11 00:00:00+08:00,63.83256365647957,66.30669403076172,61.55636446718466,66.30669403076172,2096081,84.54103546142578,,,-5.130232315085337,-3.0310253324314624,-2.0992069826538744
2025-04-14 00:00:00+08:00,68.28600021147392,72.73943500787439,68.28600021147392,70.26530456542969,2347488,83.47715950012207,,,-5.118181231957379,-3.4497219452010515,-1.668459286756328
2025-04-15 00:00:00+08:00,71.4528832361752,74.22391231615711,69.96840498985205,72.44253540039062,2038823,82.54193801879883,,,-4.894658206322717,-3.7394096192429305,-1.1552485870797864
2025-04-16 00:00:00+08:00,72.64046881526946,73.6301209583918,70.66116452902477,71.15599060058594,1296102,81.53744125366211,,,-4.755315177401457,-3.9429845019657535,-0.8123306754357031
2025-04-17 00:00:00+08:00,71.74978236119925,72.93736194561967,70.06737669152918,71.35391998291016,1450374,80.43397903442383,,,-4.577026014356676,-4.0699893349037835,-0.5070366794528924
2025-04-18 00:00:00+08:00,72.04667817850971,72.04667817850971,70.66116368460634,71.452880859375,490007,79.42453384399414,,,-4.377532258917526,-4.131574158024886,-0.24595810089263992
2025-04-21 00:00:00+08:00,71.45288252204142,71.45288252204142,68.97875213623047,68.97875213623047,550005,78.25674400329589,,,-4.351954191208279,-4.175693858696751,-0.17626033251152773
2025-04-22 00:00:00+08:00,68.28599548339844,69.67150994532479,67.29634337494339,68.28599548339844,466180,76.99493751525878,,,-4.3326188848604374,-4.207103749408747,-0.1255151354516908
2025-04-23 00:00:00+08:00,71.15599296558631,72.54150752209704,70.85909429260296,72.14564514160156,642001,76.02013053894044,,,-3.9816429537497555,-4.161982991599088,0.18034003784933272
2025-04-24 00:00:00+08:00,73.63012420988207,73.8280516270683,70.8590950665928,71.84874725341797,602006,75.04532318115234,,,-3.683400656799037,-4.066217966002206,0.38281730920316903
2025-04-25 00:00:00+08:00,73.13529690998764,73.43218803086931,71.35391998291016,71.35391998291016,1056156,74.02598152160644,,,-3.444743538132016,-3.941872639971471,0.4971291018394548
2025-04-28 00:00:00+08:00,71.84874217978593,78.47941589355469,71.84874217978593,78.47941589355469,4113734,73.40744857788086,,,-2.682558879978501,-3.689928127304024,1.007369247325523
2025-04-29 00:00:00+08:00,78.08355758643117,78.38044870664345,76.5001156272918,76.99494171142578,2176035,72.80376091003419,,,-2.1675131387851962,-3.3853660607671934,1.2178529219819971
2025-04-30 00:00:00+08:00,77.68769607720948,78.57838454869362,74.81770324707031,74.81770324707031,2008263,72.51181335449219,,,-1.9046951618759493,-3.0891703635494174,1.184475201673468
2025-05-02 00:00:00+08:00,75.41149472152038,76.10425579272288,73.92701641951842,74.22391510009766,1241384,71.95760841369629,,,-1.722334916864483,-2.815757845765801,1.093422928901318
2025-05-05 00:00:00+08:00,74.91666761765804,75.21356629426155,68.28600097768484,69.9684066772461,1823291,71.22526588439942,,,-1.8849113897372405,-2.629563805126942,0.7446524153897016
2025-05-06 00:00:00+08:00,69.96840511367573,70.95805727964256,69.67151399415377,70.56220245361328,803026,70.94321517944336,,,-1.9450443166702769,-2.4926453477678763,0.5476010310975994
2025-05-07 00:00:00+08:00,71.15599224310401,71.65081832608743,69.96840511367573,70.56220245361328,714090,71.0421802520752,,,-1.9698187351661005,-2.3880711290568555,0.41825239389075497
2025-05-08 00:00:00+08:00,71.45288290888921,72.54150632489726,70.66116571141137,71.65081787109375,733369,71.53700637817383,,,-1.8827306518892044,-2.286996154817031,0.4042655029278266
2025-05-09 00:00:00+08:00,73.2342632672448,76.59908227880223,72.83840087462973,75.01564025878906,3483111,71.89328155517578,,,-1.5329510730134643,-2.136178927185407,0.6032278541719425
2025-05-12 00:00:00+08:00,76.20321812330933,77.7866601066913,75.41149335639487,77.4897689819336,1559651,72.45243530273437,,,-1.0498598849353868,-1.9189056551497037,0.8690457702143168
2025-05-13 00:00:00+08:00,79.27113505089055,80.75561326364299,77.98459179677309,78.6773452758789,2068102,72.87303733825684,,,-0.5673498190228656,-1.6485850686266454,1.0812352496037798
2025-05-14 00:00:00+08:00,79.96389371830614,82.24008904701965,79.1721690080471,81.44837188720703,2272125,73.32332916259766,,,0.03255860698233448,-1.3123469605543818,1.3449055675367163
2025-05-15 00:00:00+08:00,81.64630290633349,82.14112898455369,80.16182467167287,81.0525131225586,1137100,73.81815528869629,,,0.47115888246268867,-0.9556378370716949,1.4267967195343836
2025-05-16 00:00:00+08:00,80.55768500170379,81.15147477042245,80.06285893603048,80.85457611083984,622057,74.29318809509277,,,0.7938251350146288,-0.6057390002505861,1.3995641352652148
2025-05-19 00:00:00+08:00,80.55768995827918,80.85458108568243,78.28148689595251,79.07321166992188,690105,74.67420463562011,,,0.898174088984689,-0.3049520894292864,1.2031261784139753
2025-05-20 00:00:00+08:00,79.86492889344423,80.45872624914476,78.38045060508692,79.07321166992188,516001,75.17892761230469,,,0.9696384899412038,-0.0500310628716126,1.0196695528128163
2025-05-21 00:00:00+08:00,79.37010069190512,81.74526740036107,79.37010069190512,80.755615234375,1358098,75.80240859985352,,,1.1464656444255041,0.1892704644601483,0.9571951799653559
2025-05-22 00:00:00+08:00,79.86492762928445,80.75561609828978,79.56803650658061,80.45872497558594,514090,76.21806259155274,,,1.2485614154577576,0.4011302028264427,0.8474312126313148
2025-05-23 00:00:00+08:00,80.16182184229974,80.65664790305468,79.17216972078987,79.27113342285156,254031,76.58918190002441,,,1.220912818187955,0.5650876843952563,0.6558251337926987
2025-05-26 00:00:00+08:00,79.27113958006582,79.7659656792553,77.39079889305637,77.9845962524414,540054,76.92071571350098,,,1.0840648138450035,0.6688835957184676,0.41518121812653597
2025-05-27 00:00:00+08:00,78.28148499990603,78.77631108404,76.99494171142578,76.99494171142578,453245,76.84649200439453,,,0.8865274604752358,0.7124125315309052,0.17411492894433056
2025-05-28 00:00:00+08:00,78.77630649036689,78.97424144274643,75.8073501586914,75.8073501586914,664001,76.78711242675782,,,0.6280248366056185,0.6955349420286006,-0.06751010542298208
2025-05-29 00:00:00+08:00,76.79700870625675,77.88562460902791,76.50011757847209,77.19287109375,420501,76.9058708190918,,,0.5276999198267447,0.6619678572110296,-0.13426793738428489
2025-06-02 00:00:00+08:00,77.48976491819904,77.48976491819904,72.73943166672416,73.33322143554688,700337,76.86133613586426,,,0.13824469639376957,0.5572230243963411,-0.4189783280025715
2025-06-03 00:00:00+08:00,74.81769839534147,74.9166620967673,72.73943046361323,72.83839416503906,342128,77.00483551025391,79.67854487101236,,-0.20753272636673614,0.40427163984641085,-0.6118043662131469
2025-06-04 00:00:00+08:00,74.12494541954288,76.59907572359674,73.2342569999942,75.51045989990234,962237,77.25224838256835,79.35525843302409,,-0.2646948757465424,0.2704781726975068,-0.5351730484440491
2025-06-05 00:00:00+08:00,76.20321655273438,76.99494130333112,75.41149180213763,76.20321655273438,629100,77.53429908752442,79.06331113179525,,-0.25162695179442096,0.16605704538317756,-0.4176839971775985
2025-06-06 00:00:00+08:00,76.79700592486606,76.99494088666751,75.11460027701094,75.41149139404297,506001,77.72233276367187,78.7631165822347,,-0.30121612537243436,0.07260233790396688,-0.3738184632764012
2025-06-09 00:00:00+08:00,76.69804429862049,76.99494297414877,75.11460231351256,75.60942840576172,598009,77.75202217102051,78.48271522521972,,-0.3209446818957815,-0.006107115462707411,-0.3148375664330741
2025-06-10 00:00:00+08:00,76.69803901893086,78.57837955012941,76.10424925919617,76.59907531738281,791005,77.70748748779297,78.23365275065105,,-0.25428596683278215,-0.05574291066223724,-0.1985430561705449
2025-06-11 00:00:00+08:00,77.58872783646336,79.56803207948312,77.09390177570843,79.27113342285156,1373426,77.7371768951416,78.02912457784016,,0.012758707711839179,-0.042042581483526915,0.054801289195366094
2025-06-12 00:00:00+08:00,79.76595908051607,81.646299611972,78.97424191757695,80.35974884033203,1465526,77.68274574279785,77.84933764139811,,0.3081969465583114,0.028005346637376867,0.28019159992093456
2025-06-13 00:00:00+08:00,80.16182717733135,80.16182717733135,77.88562412619129,78.28148651123047,1087101,77.54419441223145,77.63326365152994,,0.37116977123356776,0.09663824920282658,0.27453152203074116
2025-06-16 00:00:00+08:00,77.78666128249736,77.9845962524414,76.89597279386689,77.9845962524414,405066,77.40069541931152,77.3759541829427,,0.3926965863998362,0.1558499288213646,0.2368466575784716
2025-06-17 00:00:00+08:00,78.57838487360577,79.66700076527793,77.19287030672893,77.4897689819336,647094,77.3215232849121,77.14008725484213,,0.365777523513259,0.1978354546684809,0.16794206884477808
2025-06-18 00:00:00+08:00,77.5887338630004,78.77631348087634,77.5887338630004,77.9845962524414,411038,77.26709251403808,76.90092137654622,,0.37983518566606733,0.234235405659701,0.14559978000636634
2025-06-19 00:00:00+08:00,77.68769437685566,77.98459304433446,75.41149139404297,75.41149139404297,786200,76.99988632202148,76.5990774790446,,0.18200349162133023,0.22378902175189422,-0.04178553013056399
2025-06-20 00:00:00+08:00,75.80735010124504,75.80735010124504,72.93735747271099,73.92700958251953,814019,76.67330055236816,76.30383122762045,,-0.09308169062167337,0.1604148739379193,-0.2534965645595927
2025-06-23 00:00:00+08:00,73.13529404516846,75.21356201171875,71.74977955065276,75.21356201171875,509043,76.47042198181153,76.03497568766277,,-0.20522369458650758,0.08728715530423546,-0.29251084989074305
2025-06-24 00:00:00+08:00,76.00528634691912,78.47941666354478,76.00528634691912,78.1825180053711,984207,76.48031806945801,75.8090051015218,,-0.05458640410631688,0.05891244189216347,-0.11349884599848034
2025-06-25 00:00:00+08:00,79.56803171209987,80.35974887538434,77.78665488142852,78.47941589355469,949256,76.55454177856446,75.60282745361329,,0.08767312478420308,0.06466457871869508,0.023008546065508007
2025-06-26 00:00:00+08:00,78.77631062245594,79.37010040984808,77.88562216614434,78.08355712890625,569796,76.6683521270752,75.41974182128907,,0.16662667370164286,0.08505699841900116,0.0815696752826417
2025-06-27 00:00:00+08:00,78.38045139078541,79.27113988281761,77.78666157957964,78.77631378173828,802146,76.74752426147461,75.38840281168619,,0.28171914008387944,0.12438942783782662,0.1573297122460528
2025-06-30 00:00:00+08:00,80.1618226868024,80.85457615897884,77.09390258789062,77.09390258789062,1567119,76.9355583190918,75.25150095621744,,0.23475310458920262,0.14646216367559117,0.08829094091361145
2025-07-01 00:00:00+08:00,77.58873269018616,78.57838487360577,77.39079772323407,77.4897689819336,356060,77.16812705993652,75.13274281819662,,0.2267981252698803,0.1625293562783317,0.0642687689915486
2025-07-02 00:00:00+08:00,77.48976734151411,78.8752743286135,77.48976734151411,78.08355712890625,384504,77.29678192138672,75.16408182779948,,0.26526175946821695,0.18307583720672865,0.0821859222614883
2025-07-03 00:00:00+08:00,78.2814805966173,82.93285005610791,78.2814805966173,81.44837188720703,3138772,77.55903968811035,75.37850634256999,,0.5603379214199293,0.2585282549025712,0.30180966651735813
2025-07-04 00:00:00+08:00,81.44837384870766,81.54733755226175,77.78665641363341,77.8856201171875,1678890,77.68274612426758,75.6473617553711,,0.5013669679052555,0.30709599794246434,0.19427096996279114
2025-07-07 00:00:00+08:00,77.29182955551943,77.29182955551943,75.7083876634964,76.30217742919922,535097,77.71738357543946,75.78756243387858,,0.3233188540161507,0.3103405691806826,0.01297828483546809
2025-07-08 00:00:00+08:00,75.80735495731977,76.30218104392166,74.916666491347,75.90631866455078,424494,77.68274574279785,75.94755617777507,,0.14860340393622096,0.2779931359445114,-0.12938973200829046
2025-07-09 00:00:00+08:00,75.90631906037189,76.69804382324219,75.21356555569557,76.69804382324219,278350,77.55409126281738,76.05476849873861,,0.07310570184333187,0.23701564893448074,-0.16390994709114887
2025-07-10 00:00:00+08:00,76.20321773405998,78.08355838304175,76.20321773405998,76.69804382324219,687412,77.37100601196289,76.12569363911946,,0.013122702466930036,0.1922370594750504,-0.17911435700812037
2025-07-11 00:00:00+08:00,76.69804578500974,77.58873427840895,75.90632100188886,76.8959732055664,433460,77.30173034667969,76.22136001586914,,-0.018248994353825765,0.15013984858448737,-0.16838884293831313
2025-07-14 00:00:00+08:00,76.30218119023883,76.69804357036882,73.72908704506422,74.02598571777344,1270050,77.10379981994629,76.26589444478353,,-0.27133909238425247,0.06584406019083852,-0.337183152575091
2025-07-15 00:00:00+08:00,75.51046345902384,77.48976779555976,74.71873870423074,76.99494171142578,1862400,77.0790584564209,76.35826212565104,,-0.22991017110871326,0.006693213818710884,-0.23660338492742414
2025-07-16 00:00:00+08:00,77.09390257210103,84.6152572631836,76.79700391240247,84.6152572631836,6262031,77.41059150695801,76.61887054443359,,0.41254373874623695,0.08786331892740877,0.32468041981882817
2025-07-17 00:00:00+08:00,86.89146097861439,89.4645550344924,85.60491017545206,88.07904052734375,18171725,78.04396896362304,76.94875462849934,,1.1872809607572634,0.30774684756035525,0.8795341131969081
2025-07-18 00:00:00+08:00,88.27696599333828,95.99625554160467,87.1883501725434,93.52212524414062,16106041,79.0237247467041,77.305029296875,,2.2146231808088714,0.6891221145805013,1.5255010662283701
2025-07-21 00:00:00+08:00,93.52212882041931,97.7776361149663,92.03765058517456,95.00660705566406,10451292,80.01337699890136,77.69099362691243,,3.1126141184082314,1.1738205157226906,1.9387936026855408
2025-07-22 00:00:00+08:00,95.79833282703638,95.99626024034289,88.67283269129952,89.06869506835938,6176450,80.55768585205078,77.98623987833659,,3.3073018909687733,1.6005167910371645,1.7067850999316088
2025-07-23 00:00:00+08:00,90.05834770317038,91.34489854768015,87.88111594371205,87.9800796508789,3345058,81.032719039917,78.14458427429199,,3.335349101396716,1.9474832532816293,1.3878658481150865
2025-07-24 00:00:00+08:00,89.06869266810041,89.4645550344924,87.18835209057342,88.07904052734375,1574288,81.53249320983886,78.32931925455729,,3.3272004118704075,2.2234266851091715,1.103773726761236
2025-07-25 00:00:00+08:00,89.06869751150056,95.50143677622005,88.37594399547882,94.61074829101562,13730095,82.32421493530273,78.65920333862304,,3.803687610689366,2.5394788703258055,1.2642087403635602
2025-07-28 00:00:00+08:00,95.9962592124939,96.09522291808753,93.12626644759803,95.00660705566406,6681256,83.2198501586914,79.00558153788249,,4.1652155650102,2.864626209345477,1.3005893556647234
2025-07-29 00:00:00+08:00,94.412814877431,96.49108284398129,92.43351061396473,94.01695251464844,3554248,84.04620933532715,79.40639063517253,,4.322078828150055,3.15611673316577,1.1659620949842848
2025-07-30 00:00:00+08:00,94.01695371298266,95.30350452081267,93.02730156863547,94.51177978515625,2446863,84.86762046813965,79.80555025736491,,4.435177146075503,3.411928815789404,1.023248330286099
2025-07-31 00:00:00+08:00,94.51177901228492,94.80867767333984,93.32419946895841,94.80867767333984,1870733,85.53563575744629,80.20965817769368,,4.496915803722274,3.6289262134042684,0.8679895903180057
2025-08-04 00:00:00+08:00,100.94452141326609,102.42899966934353,98.76728965786458,101.93417358398438,4216946,86.73806343078613,80.71438077290853,,5.062261759422839,3.915593322637881,1.1466684367849576
2025-08-05 00:00:00+08:00,102.92382761313151,107.37726246177661,97.3817768671292,97.57970428466797,11925142,87.80193977355957,81.09044850667318,,5.100245047735257,4.1525236676771256,0.9477213800581312
2025-08-06 00:00:00+08:00,97.67866200075869,100.94451704291393,96.3921187647934,98.86624908447266,5914474,88.94993629455567,81.44672317504883,,5.1744796189609445,4.356914857947532,0.8175647610134122
2025-08-07 00:00:00+08:00,99.95486646379743,106.88243146623884,98.56935195321982,103.9134750366211,10790927,90.3107078552246,81.86732533772786,,5.576190016858092,4.600769889742666,0.9754201271154264
2025-08-08 00:00:00+08:00,106.38760782637686,110.34621648968391,104.90312957763672,104.90312957763672,10903145,91.72096214294433,82.2582379659017,,5.906297853892028,4.861875482583693,1.0444223713083343
2025-08-11 00:00:00+08:00,104.40830300707336,108.86173773249355,102.92382476526663,107.87208557128906,5631364,93.26976776123047,82.70523084004721,,6.3344036170957025,5.15638110949616,1.1780225075995423
2025-08-12 00:00:00+08:00,107.37726183804598,108.86174011230469,106.38760965520684,108.86174011230469,3232030,95.01155548095703,83.17201690673828,,6.676553900921533,5.4604156677895475,1.2161382331319857
2025-08-13 00:00:00+08:00,111.33587115278868,111.33587115278868,104.40830583661516,105.89278411865234,5151426,96.45644760131836,83.61900978088379,,6.631737690053839,5.69468007224753,0.9370576178063095
2025-08-14 00:00:00+08:00,105.89277731778935,110.34621187788329,105.39795125555669,109.35655975341797,4839870,97.69351272583008,84.12373224894206,,6.797310327202837,5.9152061232424495,0.8821042039603872
2025-08-15 00:00:00+08:00,107.87208156672,109.35655975341797,100.44969063323009,109.35655975341797,7330324,98.75738868713378,84.60041465759278,,6.849567853877247,6.1020784693720245,0.7474893845052222
2025-08-18 00:00:00+08:00,108.86173725128174,113.80999803543091,108.36691117286682,110.8410415649414,6198222,99.62333450317382,85.10678660074869,,6.930852369896456,6.267833249478767,0.6630191204176894
2025-08-19 00:00:00+08:00,110.84104327197488,111.8306954440461,106.88243458369007,108.36691284179688,2874852,100.29134979248047,85.59171625773112,,6.718212751703632,6.357909149924548,0.3603036017790844
2025-08-20 00:00:00+08:00,107.8720848481237,108.86173700269364,103.91347622984394,104.4083023071289,2551111,101.05833015441894,86.03211135864258,,6.159307990343976,6.318188918008149,-0.15888092766417294
2025-08-21 00:00:00+08:00,105.89277889110424,107.87208316944263,105.39795282151964,106.88243103027344,1544447,102.00344772338867,86.53023618062338,,5.848569468942628,6.224265028194506,-0.37569555925187803
2025-08-22 00:00:00+08:00,108.36691458871431,108.8617406827267,103.91347974260277,105.89278411865234,1854051,102.89413490295411,87.03166007995605,,5.459524936332301,6.071317009821364,-0.6117920734890632
2025-08-25 00:00:00+08:00,107.87208852893981,112.8203494706343,107.87208852893981,112.32552337646484,5132718,103.77987365722656,87.61720428466796,,5.605599285274408,5.978173464911631,-0.3725741796372226
2025-08-26 00:00:00+08:00,112.3255193295686,114.30482363493546,110.34621502420177,113.80999755859375,4437586,104.72004318237305,88.29181722005208,,5.7745703720513575,5.937452846339457,-0.1628824742880992
2025-08-27 00:00:00+08:00,116.0,117.0,113.0,113.0,3075354,105.66919555664063,88.96117731730143,,5.776537591569223,5.905269795385334,-0.12873220381611095
2025-08-28 00:00:00+08:00,113.0,114.0,111.5,114.0,1255666,106.64360656738282,89.60266965230306,,5.792013860761713,5.882618608460567,-0.09060474769885385
2025-08-29 00:00:00+08:00,116.0,116.5,111.0,112.5,2276898,107.52817268371582,90.20761604309082,,5.618483611051218,5.829791608978618,-0.21130799792739996
2025-09-01 00:00:00+08:00,111.0,114.5,107.0,112.0,2135300,108.03146400451661,90.81742451985677,,5.378614764462384,5.739556240075262,-0.36094147561287837
2025-09-02 00:00:00+08:00,114.5,114.5,104.5,108.0,2983250,108.5524787902832,91.35726737976074,,4.810320997993074,5.553709191658646,-0.743388193665572
2025-09-03 00:00:00+08:00,108.5,116.0,108.0,113.5,4825437,109.28416633605957,91.9722827911377,,4.7489773227631815,5.392762817879429,-0.6437854951162478
2025-09-04 00:00:00+08:00,114.0,114.5,112.0,114.0,2440342,109.78849258422852,92.55109723409016,,4.686679934787193,5.251546241260894,-0.564866306473701
2025-09-05 00:00:00+08:00,114.5,116.5,113.5,115.0,2687389,110.29333610534668,93.12843475341796,,4.66422941966988,5.134082876942633,-0.4698534572727535
2025-09-08 00:00:00+08:00,116.5,118.0,115.5,117.0,3419405,110.74973182678222,93.77374331156413,,4.7530223131848715,5.05787076419105,-0.30484845100617886
2025-09-09 00:00:00+08:00,118.5,118.5,114.5,116.0,1878943,111.106644821167,94.40733337402344,,4.688654991832934,4.984027609719403,-0.2953726178864695
2025-09-10 00:00:00+08:00,117.5,117.5,111.0,113.5,3054455,111.48700561523438,95.00750389099122,,4.3853706175795395,4.864296211291401,-0.4789255937118613
2025-09-11 00:00:00+08:00,114.0,114.0,110.5,111.0,2035620,111.56917762756348,95.5577606201172,,3.898356272315766,4.671108223496235,-0.772751951180469
2025-09-12 00:00:00+08:00,112.0,113.0,109.0,110.0,1672007,111.60134963989258,96.13423576354981,,3.392597321915744,4.415406043180096,-1.0228087212643517
2025-09-15 00:00:00+08:00,110.0,110.5,107.0,109.0,905414,111.50929756164551,96.71878560384114,,2.8779158932578923,4.107908013195615,-1.229992119937723
2025-09-16 00:00:00+08:00,109.0,111.5,108.5,111.5,1580195,111.66595191955567,97.3235595703125,,2.6413027427423117,3.814586959104924,-1.1732842163626125
2025-09-17 00:00:00+08:00,112.0,112.5,110.0,110.0,1666838,111.94553680419922,97.85385093688964,,2.306166978702066,3.512902963024328,-1.2067359843222616
2025-09-18 00:00:00+08:00,110.5,114.0,110.5,111.0,2247434,112.15141525268555,98.39586067199707,,2.097085066435568,3.2297393837065576,-1.1326543172709895
2025-09-19 00:00:00+08:00,112.0,112.5,109.5,109.5,1191027,112.33177604675294,98.91946805318197,,1.789720812308559,2.9417356694269423,-1.1520148571183833
2025-09-22 00:00:00+08:00,111.0,118.5,110.5,117.5,7863301,112.59049987792969,99.56486282348632,,2.166674853841826,2.786723506309912,-0.6200486524680859
2025-09-23 00:00:00+08:00,116.5,117.0,113.0,114.0,2898065,112.6,100.17996444702149,,2.1581211802097897,2.661003041089883,-0.5028818608800933
2025-09-24 00:00:00+08:00,114.5,117.0,110.0,116.5,3653178,112.775,100.83013496398925,,2.3262518585730874,2.594052804586522,-0.2678009460134345
2025-09-25 00:00:00+08:00,121.5,125.5,117.0,117.5,13674621,112.95,101.48707567850748,,2.5112387166935406,2.577489987007925,-0.06625127031438449
2025-09-26 00:00:00+08:00,116.5,118.0,110.5,110.5,3466953,112.85,101.97126948038736,,2.0691579700494884,2.475823583616236,-0.40666561356674746
2025-09-30 00:00:00+08:00,111.0,115.0,110.5,115.0,3152154,113.0,102.58984247843425,,2.058187095114647,2.3922962859159167,-0.33410919080126966
2025-10-01 00:00:00+08:00,114.0,116.0,112.5,113.0,2106471,113.25,103.20147285461425,,1.8665946227856978,2.2871559532898718,-0.420561330504174
2025-10-02 00:00:00+08:00,114.0,115.0,111.5,113.5,1712105,113.25,103.82803421020508,,1.7351003192720498,2.1767448264863063,-0.4416445072142565
2025-10-03 00:00:00+08:00,113.5,114.5,111.0,111.0,1396775,113.1,104.39973347981771,,1.4128767133181839,2.023971203852681,-0.611094490534497
2025-10-07 00:00:00+08:00,112.0,114.0,109.0,113.0,1947621,113.0,105.00476608276367,,1.303863520307587,1.8799496671436615,-0.5760861468360745
2025-10-08 00:00:00+08:00,112.0,115.0,110.5,115.0,2067957,112.9,105.63983319600423,,1.3631379508930337,1.7765873238935355,-0.4134493730005018
2025-10-09 00:00:00+08:00,116.0,118.0,114.5,115.0,2314246,112.85,106.32273343404134,,1.3940436657023412,1.7000785922552966,-0.3060349265529554
2025-10-13 00:00:00+08:00,108.5,113.0,106.0,112.5,1924176,112.8,106.91448440551758,,1.2029425766603765,1.6006513891363123,-0.3977088124759358
2025-10-14 00:00:00+08:00,113.5,114.0,108.5,110.0,1988830,112.75,107.33756345113119,,0.840082214071245,1.4485375541232985,-0.6084553400520536
2025-10-15 00:00:00+08:00,110.0,110.5,109.0,110.0,1385719,112.75,107.70291277567546,,0.5462163372860687,1.2680733107558524,-0.7218569734697837
2025-10-16 00:00:00+08:00,110.5,114.5,109.5,110.0,2191543,112.8,107.97754402160645,,0.3097548658381868,1.076409621772319,-0.7666547559341321
2025-10-17 00:00:00+08:00,109.0,109.0,103.0,103.0,3359857,112.375,108.11076723734537,,-0.437437792875329,0.773640138842789,-1.2110779317181182
2025-10-20 00:00:00+08:00,103.0,106.0,102.5,105.5,2349312,112.15,108.38462231953939,,-0.8184310708981144,0.4552258968946081,-1.2736569677927225
2025-10-21 00:00:00+08:00,107.0,110.0,106.0,109.5,1980192,112.075,108.7432876586914,,-0.7885166880500236,0.20647737990568163,-0.9949940679557052
2025-10-22 00:00:00+08:00,109.5,113.5,108.5,111.0,2467150,112.15,109.12530364990235,,-0.6364360509908948,0.03789469372636628,-0.6743307447172611
2025-10-23 00:00:00+08:00,111.0,111.0,109.0,110.0,773100,111.775,109.38179117838541,,-0.5898034159137779,-0.0876449282016626,-0.5021584877121154
2025-10-27 00:00:00+08:00,112.0,113.0,110.0,111.5,585103,111.65,109.65668106079102,,-0.4268888854584105,-0.1554937196530122,-0.27139516580539835
2025-10-28 00:00:00+08:00,111.5,112.5,109.0,111.5,1513093,111.4,109.94806518554688,,-0.29438446910141636,-0.18327186954269306,-0.1111125995587233
2025-10-29 00:00:00+08:00,114.0,116.0,112.0,112.0,1660615,111.125,110.23953552246094,,-0.14732977610927378,-0.1760834508560092,0.02875367474673543
2025-10-30 00:00:00+08:00,113.5,114.0,106.0,106.0,2436682,110.9,110.42605756123861,,-0.5090677858357822,-0.2426803178519638,-0.26638746798381835
2025-10-31 00:00:00+08:00,111.5,116.0,111.0,111.0,6455699,110.7,110.5771546681722,,-0.38782031987703647,-0.2717083182569784,-0.11611200162005808
2025-11-03 00:00:00+08:00,113.0,120.5,113.0,118.5,7373356,110.975,110.92582626342774,,0.3098825016995477,-0.15539015426567315,0.4652726559652208
2025-11-04 00:00:00+08:00,117.5,120.0,114.0,115.0,3298530,111.05,111.19472211201986,,0.5737828330421877,-0.009555556804100945,0.5833383898462886
2025-11-05 00:00:00+08:00,115.5,120.0,112.0,120.0,5258553,111.5,111.4628308614095,,1.1728628573320492,0.2269281260231292,0.94593473130892
2025-11-06 00:00:00+08:00,120.0,121.5,115.5,119.5,4162031,111.825,111.70611203511557,,1.5889756271783284,0.4993376262541692,1.0896380009241593
2025-11-07 00:00:00+08:00,118.5,119.0,115.0,117.0,2620403,111.925,111.85824394226074,,1.697452154707733,0.7389605319448822,0.9584916227628508
2025-11-10 00:00:00+08:00,118.0,118.5,112.0,113.5,1924427,111.85,111.93554827372233,,1.4838949971747013,0.8879474249908461,0.5959475721838552
2025-11-11 00:00:00+08:00,114.5,116.0,113.5,114.5,1251417,111.95,112.0790018717448,,1.3794395761852059,0.9862458552297182,0.39319372095548766
2025-11-12 00:00:00+08:00,114.5,118.5,114.5,115.5,1902501,112.225,112.18139254252115,,1.3616531087264292,1.0613273059290607,0.30032580279736854
2025-11-13 00:00:00+08:00,116.5,117.0,113.5,117.0,1824428,112.575,112.30878321329753,,1.4518583455298995,1.1394335138492284,0.31242483168067103
2025-11-14 00:00:00+08:00,114.0,115.5,106.0,106.0,3939949,112.375,112.22809918721516,,0.6284950319001155,1.037245817459406,-0.40875078555929045
2025-11-17 00:00:00+08:00,105.5,111.0,104.5,110.0,1810370,112.725,112.25531730651855,,0.2953353546076869,0.8888637248890621,-0.5935283702813752
2025-11-18 00:00:00+08:00,108.5,110.0,104.5,105.5,1683294,112.725,112.27351226806641,,-0.32802671310774656,0.6454856372897003,-0.9735123503974469
2025-11-19 00:00:00+08:00,105.5,107.0,102.5,104.0,1401157,112.45,112.22547175089518,,-0.9323355668973221,0.3299213964522958,-1.262256963349618
2025-11-20 00:00:00+08:00,108.0,110.5,103.5,104.0,2978064,112.1,112.19392534891765,,-1.3951720039245714,-0.015097283623077745,-1.3800747203014936
2025-11-21 00:00:00+08:00,100.0,100.0,93.5999984741211,93.5999984741211,6834339,111.27999992370606,111.88183326721192,,-2.5715226261924613,-0.5263823521369546,-2.0451402740555067
2025-11-24 00:00:00+08:00,93.5999984741211,96.5999984741211,93.0,96.4000015258789,5147313,110.525,111.59166666666667,,-3.2404978831859665,-1.0692054583467572,-2.1712924248392094
2025-11-25 00:00:00+08:00,98.19999694824219,100.5,97.9000015258789,99.30000305175781,2665600,109.9150001525879,111.36333338419597,,-3.496356088329094,-1.5546355843432247,-1.9417205039858692
2025-11-26 00:00:00+08:00,100.5,101.5,100.0,100.5,1196574,109.34000015258789,111.13833338419596,,-3.5612441016837835,-1.9559572878113367,-1.6052868138724468
2025-11-27 00:00:00+08:00,101.0,101.0,98.0,98.0,1707376,108.94000015258788,110.8966667175293,,-3.7709283513382985,-2.3189515005167296,-1.451976850821569
2025-11-28 00:00:00+08:00,98.0,104.0,97.80000305175781,103.5,3327314,108.56500015258788,110.75500005086263,,-3.4534912069266994,-2.545859441798724,-0.9076317651279755
2025-12-01 00:00:00+08:00,104.0,104.5,102.0,103.5,1238294,107.81500015258788,110.68000005086263,,-3.1654308642680746,-2.6697737262925942,-0.4956571379754804
2025-12-02 00:00:00+08:00,103.5,107.0,103.5,105.0,1882991,107.31500015258788,110.53833338419597,,-2.784011226804921,-2.69262122639506,-0.09139000040986112
2025-12-03 00:00:00+08:00,107.0,108.5,105.0,105.5,1782025,106.59000015258789,110.3966667175293,,-2.413565535719428,-2.6368100882599337,0.22324455254050557
2025-12-04 00:00:00+08:00,106.5,106.5,104.5,105.5,818010,105.89000015258789,110.23833338419597,,-2.0958252869461376,-2.5286131279971746,0.43278784105103707
2025-12-05 00:00:00+08:00,107.0,107.0,104.5,106.0,975239,105.34000015258789,110.05500005086263,,-1.7831134268177635,-2.3795131877612925,0.596399760943529
2025-12-08 00:00:00+08:00,106.0,107.0,104.5,106.5,1097295,104.9900001525879,109.8966667175293,,-1.4779048541767708,-2.1991915210443884,0.7212866668676177
2025-12-09 00:00:00+08:00,117.0,117.0,109.0,109.5,10242693,104.7400001525879,109.83000005086264,,-0.9826229680269876,-1.9558778104409082,0.9732548424139207
2025-12-10 00:00:00+08:00,110.0,110.5,105.0,105.0,3568264,104.21500015258789,109.73000005086263,,-0.9423578442061711,-1.753173817193961,0.81081597298779
2025-12-11 00:00:00+08:00,106.0,108.0,103.5,104.0,1991336,103.56500015258788,109.63000005086263,,-0.9798440250046099,-1.5985078587560908,0.6186638337514809
2025-12-12 00:00:00+08:00,104.5,106.5,101.5,102.5,2654927,103.39000015258789,109.5216667175293,,-1.1177053057806319,-1.5023473481609992,0.38464204238036737
2025-12-15 00:00:00+08:00,99.5999984741211,107.0,99.4000015258789,105.0,2105058,103.14000015258789,109.41333338419597,,-1.0135487585829424,-1.404587630245388,0.39103887166244555
2025-12-16 00:00:00+08:00,105.0,105.0,100.5,103.5,2731146,103.0400001525879,109.30500005086263,,-1.0400522986486038,-1.3316805639260312,0.29162826527742736
2025-12-17 00:00:00+08:00,103.5,105.5,103.0,103.5,996052,103.01500015258789,109.18000005086263,,-1.0489647320432454,-1.2751373975494742,0.22617266550622883
2025-12-18 00:00:00+08:00,103.0,104.0,100.0,101.0,1006045,102.8650001525879,109.03833338419597,,-1.2434235444675181,-1.268794626933083,0.025371082465564854
2025-12-19 00:00:00+08:00,102.5,104.0,102.0,103.5,988774,103.36000022888183,108.80500005086263,,-1.182177090248075,-1.2514711195960815,0.06929402934800644
2025-12-22 00:00:00+08:00,105.5,113.5,105.0,113.5,7675871,104.21500015258789,108.79666671752929,,-0.32299924022962045,-1.0657767437227894,0.742777503493169
2025-12-23 00:00:00+08:00,115.0,116.5,112.5,115.0,6475048,105.0,108.7716667175293,,0.47348479710746005,-0.7579244355567395,1.2314092326641997
2025-12-24 00:00:00+08:00,115.0,116.0,114.0,115.0,1382665,105.725,108.73000005086263,,1.092114912539543,-0.3879165659374829,1.4800314784770259
2025-12-26 00:00:00+08:00,115.5,116.0,112.5,113.5,1731243,106.5,108.78000005086263,,1.4446927715741111,-0.02139469843516401,1.4660874700092752
2025-12-29 00:00:00+08:00,114.5,115.0,108.0,108.0,2425652,106.725,108.66333338419597,,1.2657188777598236,0.2360280168038336,1.02969086095599
2025-12-30 00:00:00+08:00,108.0,109.0,106.0,107.5,1035132,106.925,108.5716667175293,,1.0711869849929627,0.40305981044165956,0.6681271745513031
2025-12-31 00:00:00+08:00,107.5,107.5,104.5,106.5,1289103,107.0,108.45500005086264,,0.8267966294540798,0.48780717424414366,0.3389894552099362
2026-01-02 00:00:00+08:00,107.5,107.5,105.0,105.5,1432522,107.0,108.36333338419597,,0.5461284503536348,0.49947142946604195,0.046657020887592826
2026-01-05 00:00:00+08:00,107.0,107.5,103.0,104.0,1658647,106.925,108.21333338419596,,0.200349936739741,0.43964713092078184,-0.23929719418104084
2026-01-06 00:00:00+08:00,107.5,109.0,105.5,106.0,2634800,106.925,108.06333338419596,,0.0867017980459508,0.3690580643458156,-0.2823562662998648
2026-01-07 00:00:00+08:00,106.5,111.0,106.0,109.0,3642780,107.05,107.96333338419596,,0.23598939530270968,0.3424443305371945,-0.1064549352344848
2026-01-08 00:00:00+08:00,110.0,113.5,107.0,110.0,4457368,107.075,107.92166671752929,,0.43003534719542813,0.35996253386884125,0.07007281332658688
2026-01-09 00:00:00+08:00,110.0,111.5,107.5,111.0,2780218,107.375,107.93833338419596,,0.6569370366453029,0.41935743442413365,0.23757960222116925
2026-01-12 00:00:00+08:00,112.0,117.0,111.0,115.0,5107503,107.925,108.0216667175293,,1.146310848105614,0.5647481171604298,0.5815627309451841
2026-01-13 00:00:00+08:00,116.5,117.5,112.0,113.5,4284195,108.475,108.08000005086264,,1.3970018952452818,0.7311988727774004,0.6658030224678815
2026-01-14 00:00:00+08:00,114.0,115.0,112.0,113.0,1896957,108.875,108.2466667175293,,1.5376059726777527,0.892480292757471,0.6451256799202817
2026-01-15 00:00:00+08:00,113.0,113.5,111.0,113.5,1541608,109.375,108.38000005086263,,1.6701293244302349,1.0480100990920238,0.6221192253382111
2026-01-16 00:00:00+08:00,115.0,115.0,111.5,112.0,1210599,109.8,108.42166671752929,,1.6352672352538065,1.1654615263243804,0.4698057089294261
2026-01-19 00:00:00+08:00,113.5,113.5,110.5,110.5,1230294,110.275,108.41333338419597,,1.4696599949828482,1.2263012200560741,0.24335877492677405
2026-01-20 00:00:00+08:00,110.5,121.5,110.0,121.5,11778362,111.175,108.60500005086263,,2.2006553059156033,1.4211720372279801,0.7794832686876232
2026-01-21 00:00:00+08:00,122.0,129.5,121.0,124.0,15921527,111.7,108.81333338419596,,2.947723926969431,1.7264824151762705,1.2212415117931603
2026-01-22 00:00:00+08:00,128.0,132.0,125.0,125.5,9939512,112.225,109.04666671752929,,3.6190999188874855,2.1050059159185137,1.5140940029689718
2026-01-23 00:00:00+08:00,126.5,127.5,121.5,125.5,5096893,112.75,109.2716667175293,,4.103863445725381,2.5047774218798873,1.5990860238454934
2026-01-26 00:00:00+08:00,125.5,128.0,122.5,123.0,2898463,113.225,109.55500005086263,,4.2374660622850655,2.8513151499609233,1.3861509123241422
2026-01-27 00:00:00+08:00,123.5,126.5,121.5,124.5,4324627,114.05,109.78000005086263,,4.4135083808779285,3.163753796144325,1.2497545847336036
2026-01-28 00:00:00+08:00,126.0,132.0,122.5,123.5,6250599,114.85,109.86333338419597,,4.421364804896797,3.4152759978948195,1.0060888070019773
2026-01-29 00:00:00+08:00,123.5,124.0,117.0,117.0,4062583,115.375,109.8966667175293,,3.8586156949357218,3.5039439373030006,0.3546717576327212
2026-01-30 00:00:00+08:00,116.5,117.0,111.0,112.0,2285381,115.7,109.76333338419596,,2.974882178127416,3.3981315854678837,-0.4232494073404678
2026-02-02 00:00:00+08:00,110.5,110.5,103.5,103.5,3020791,115.675,109.4966667175293,,1.5705339157689338,3.0326120515280937,-1.46207813575916
2026-02-03 00:00:00+08:00,107.5,109.0,105.0,108.0,2368553,115.775,109.3466667175293,,0.8113375894867971,2.5883571591198344,-1.7770195696330373
2026-02-04 00:00:00+08:00,111.0,116.0,110.0,115.5,4921761,116.1,109.38000005086263,,0.8055702266223221,2.2317997726203322,-1.42622954599801
2026-02-05 00:00:00+08:00,114.0,119.5,112.5,116.5,3379326,116.425,109.41333338419597,,0.8716434282240186,1.9597685037410695,-1.0881250755170508
2026-02-06 00:00:00+08:00,115.5,115.5,107.5,111.5,2938188,116.45,109.3466667175293,,0.5146165313162925,1.6707381092561142,-1.1561215779398217
2026-02-09 00:00:00+08:00,116.0,116.5,112.5,115.5,2661893,116.475,109.3216667175293,,0.5481183415995474,1.446214155724801,-0.8980958141252535
2026-02-10 00:00:00+08:00,117.0,120.0,115.5,116.0,5276280,116.6,109.48833338419597,,0.6080058750534647,1.2785724995905339,-0.6705666245370692
2026-02-11 00:00:00+08:00,116.0,116.5,110.5,111.0,3229593,116.5,109.50500005086263,,0.24913707207177538,1.0726854140867823,-0.8235483420150069
2026-02-23 00:00:00+08:00,113.5,116.0,113.0,114.5,2131564,116.55,109.65500005086263,,0.24433516219836804,0.9070153637090994,-0.6626802015107314
2026-02-24 00:00:00+08:00,114.5,124.0,114.0,123.5,6521783,117.125,109.98000005086263,,0.9557372451212558,0.9167597399915308,0.038977505129724976
2026-02-25 00:00:00+08:00,124.5,125.0,118.5,120.5,3873329,117.625,110.25500005086263,,1.2628957201145852,0.9859869360161418,0.27690878409844333
2026-02-26 00:00:00+08:00,120.5,127.5,120.5,123.0,8194500,117.7,110.74500007629395,,1.68858517026176,1.1265065828652656,0.5620785873964944
2026-03-02 00:00:00+08:00,117.5,128.5,117.5,126.0,5834848,117.8,111.23833338419597,,2.2421756468515355,1.3496403956625198,0.8925352511890157
2026-03-03 00:00:00+08:00,132.0,138.5,129.0,137.0,30308120,118.375,111.86666666666666,97.96743055979411,3.5278413896541565,1.7852805944608472,1.7425607951933093
2026-03-04 00:00:00+08:00,130.0,132.5,123.5,126.5,10878928,118.425,112.3,98.09906536738077,3.657319213187293,2.1596883182061366,1.4976308949811563
2026-03-05 00:00:00+08:00,132.5,138.0,123.5,125.0,14156791,118.525,112.75,98.22939847310384,3.5974249821768467,2.4472356510002786,1.150189331176568
2026-03-06 00:00:00+08:00,123.5,130.5,123.0,126.0,6938183,118.6,113.125,98.36513528823852,3.5892750856872055,2.675643537937664,0.9136315477495414
